id,first_name,last_name,email,gender
1,Fidelity,Lincey,flincey0@theglobeandmail.com,Female
2,Rheta,Yurasov,ryurasov1@linkedin.com,Female
3,Bendix,Paszak,bpaszak2@imdb.com,Male
4,Cly,Cossar,ccossar3@1und1.de,Male
5,Raul,Setch,rsetch4@zdnet.com,Male
6,Jabez,Klimentyev,jklimentyev5@illinois.edu,Male
7,Cybill,Gentsch,cgentsch6@yellowpages.com,Female
8,Celestyn,Chasson,cchasson7@woothemes.com,Female
9,Dierdre,Kenner,dkenner8@wix.com,Female
10,Georges,Dickens,gdickens9@cornell.edu,Male
11,Eydie,Gatling,egatlinga@accuweather.com,Female
12,Gerrie,Pool,gpoolb@ed.gov,Female
13,Renaud,Hinckley,rhinckleyc@freewebs.com,Male
14,Berry,Bigley,bbigleyd@geocities.com,Female
15,Pammy,MacWhirter,pmacwhirtere@google.fr,Female
16,Katrine,Tefft,ktefftf@earthlink.net,Female
17,Cleopatra,Deason,cdeasong@surveymonkey.com,Female
18,Esra,Struis,estruish@utexas.edu,Male
19,Edan,Ordidge,eordidgei@dagondesign.com,Male
20,Emili,Leppingwell,eleppingwellj@purevolume.com,Female
